,id,permalink,username,text,date,parola_cercata,location,area,citta,raggio
0,1377029587713077249,https://twitter.com/AmbVWD/status/1377029587713077249,AmbVWD,EU mediator Christian Danielsson publishes proposal made today to Georgian political parties - European External Action Service ‚Å¶@OSCE‚Å© ‚Å¶@SweMFA‚Å© #EU #svpol  https://t.co/nIXax6wwSy,2021-03-30,EU,EU-Nord,EU,Stoccolma,200km
1,1377015094375284757,https://twitter.com/tim_e_gore/status/1377015094375284757,tim_e_gore,"..the challenge of consumption emissions is intrinsically tied 2 inequality. The richest 10% of the global pop'n r responsible 4 &gt;1/2 the emissions. In the EU, the emissions of the poorest 1/2 of citizens fell by 1/4 1990-2015 but¬†grew 4 the richest 10%..
https://t.co/u33CMNpUVZ",2021-03-30,EU,EU-Nord,EU,Stoccolma,200km
2,1377012039487475713,https://twitter.com/janerle2002/status/1377012039487475713,janerle2002,"I would like to see @Folkhalsomynd explain this to us, please: üëá

cc: @lenahallengren @socialdep @socialdemokrat @miljopartiet @Centerpartiet @liberalerna @kdriks @moderaterna @vansterpartiet @WHO @ECDC_EU @DrTedros @DrMikeRyan @mvankerkhove @SVTHolmberg https://t.co/IjFEeOaVRT",2021-03-30,EU,EU-Nord,EU,Stoccolma,200km
3,1376998238931320838,https://twitter.com/skylineforhuman/status/1376998238931320838,skylineforhuman,"Eleven members of the Parliament of the #EU have called on #RealMadrid to reject a Saudi-state-owned project called #Qiddiya worth ‚Ç¨150 million deal with the Club allowing the company to become the lead sponsor of the #Women‚Äôs team at the club.

More: https://t.co/t1MD2nShPY",2021-03-30,EU,EU-Nord,EU,Stoccolma,200km
4,1376977289297203211,https://twitter.com/Picowlo/status/1376977289297203211,Picowlo,"Finally a Brexit benefit as Brexiters boycott holidaying in the EU.
(at least if you are living in the EU. ;) https://t.co/XjL8eogque",2021-03-30,EU,EU-Nord,EU,Stoccolma,200km
5,1376970602867789824,https://twitter.com/libamu/status/1376970602867789824,libamu,"The EU, the USA and other international parties rarely talk about other well documented, ‚Äòethnic cleansing‚Äô episodes in Ethiopia: the ongoing mass killings of Amharic-speaking and other minority groups in different parts of Ethiopia are ignored.Why? #UnityForEthiopia #EU #USA",2021-03-30,EU,EU-Nord,EU,Stoccolma,200km
6,1376969411643502598,https://twitter.com/libamu/status/1376969411643502598,libamu,"In the last 2-3 past years, there has been a series of shocking terrorist attacks by ‚Äòethnicist‚Äô and perhaps also religious extremist groups on innocent civilians in Western Ethiopia, notably in Shashemene, Wollega (Oromia) and the Metekkel area #EU, #USA, #UnityForEthiopia",2021-03-30,EU,EU-Nord,EU,Stoccolma,200km
7,1376968785157095431,https://twitter.com/Genet53868167/status/1376968785157095431,Genet53868167,"Tens of thousands of Tigrayans are again being driven from their homes."" #VerifiedWithdrawalOfEritrea @POTUS @antonioguterres @GermanyDiplo @mfa_russia @SecBlinken @UN @francediplo_EN @ItalyMFA @EU_Commission #TigrayGenocide
https://t.co/wLMlxL7WHt",2021-03-30,EU,EU-Nord,EU,Stoccolma,200km
8,1376957212904538119,https://twitter.com/Gebrehi26983362/status/1376957212904538119,Gebrehi26983362,"""Tens of thousands of Tigrayans are again being driven from their homes."" #VerifiedWithdrawalOfEritrea #TigrayGenoicde @POTUS @antonioguterres @GermanyDiplo @mfa_russia @SecBlinken @UN @francediplo_EN @ItalyMFA @EU_Commission
https://t.co/lBEfVtx8DG",2021-03-30,EU,EU-Nord,EU,Stoccolma,200km
9,1376957038819958786,https://twitter.com/Gebrehi26983362/status/1376957038819958786,Gebrehi26983362,"""Ethiopian government troops have been accused of joining forces with soldiers from neighboring Eritrea to brutalize and rape Tigrayan women"" #TigrayGenocide #AmharaOutOfTigray @UN @antonioguterres @POTUS @EU_Commission @GermanyDiplo @ChrisCoons 
https://t.co/L5f18g4HeU",2021-03-30,EU,EU-Nord,EU,Stoccolma,200km
10,1376956354372505600,https://twitter.com/Gebrehi26983362/status/1376956354372505600,Gebrehi26983362,"Mar 26 Abiy Ahmed: Eritrea to withdraw troops from #Tigray
*when will it begin?
*when will it end?
*who will monitor?
*who will verify?
#VerifiedWithdrawalOfEritrea 

@StateDept @USAmbUN @SenateForeign @HouseForeign @FCDOGovUK @dfatirl @NorwayMFA @eu_eeas @GermanyDiplo @Haavisto",2021-03-30,EU,EU-Nord,EU,Stoccolma,200km
11,1376955831586013189,https://twitter.com/Gebrehi26983362/status/1376955831586013189,Gebrehi26983362,"Eritrea abducted children from their families and forced them to fight in its brutal war on #Tigray

@hrw @amnesty @UNHumanRights @StateDept @FCDOGovUK @dfatirl @NorwayMFA @eu_eeas @SweMFA @GermanyDiplo @DanishMFA @Ulkoministerio @DutchMFA @CanadaFP",2021-03-30,EU,EU-Nord,EU,Stoccolma,200km
12,1376954735287271435,https://twitter.com/Gebrehi26983362/status/1376954735287271435,Gebrehi26983362,"""The civil war in Tigray is becoming more and more like the Rwandan genocide"" #TigrayGenocide #RwandaGenocide #VerifiedWithdrawalOfEritrea @POTUS @SecBlinken @EU_Commission @UN @dubravkasuica @MargSchinas @antonioguterres @SenBooker @ChrisCoons @mfa_russia",2021-03-30,EU,EU-Nord,EU,Stoccolma,200km
13,1376954332130721792,https://twitter.com/ECDC_HIVAIDS/status/1376954332130721792,ECDC_HIVAIDS,"#JustPublished:

How far are we with reaching the sustainable development goals (#SDGs) in eliminating #hepatitisB and #hepatitisC in the EU/EEA?

Learn more with our report: https://t.co/3mcyxPeSkO https://t.co/K4vNKzRKoy",2021-03-30,EU,EU-Nord,EU,Stoccolma,200km
14,1376953282208350213,https://twitter.com/Gebrehi26983362/status/1376953282208350213,Gebrehi26983362,"""The #Amhara takeover has displaced more than 140,000 people, according to the United Nations.""  #TigrayGenocide #VerifiedWithdrawalOfEritrea @POTUS @SecBlinken @EU_Commission @dubravkasuica @MargSchinas @antonioguterres @SenBooker @ChrisCoons @mfa_russia",2021-03-30,EU,EU-Nord,EU,Stoccolma,200km
15,1376950443025305609,https://twitter.com/ZerabrukM/status/1376950443025305609,ZerabrukM,#Africa's ticket out of misery is visionary N courageous leadership who heed SELF RELIANCE. Peace will rein. Conflict will end. #Africa will grow. Imagine such Africa? Would BULLIES get chances in peaceful #Africa? #EthiopiaPrevails #EritreaPrevails @POTUS #BlackLivesMatter #EU,2021-03-30,EU,EU-Nord,EU,Stoccolma,200km
16,1376949799040208897,https://twitter.com/ZerabrukM/status/1376949799040208897,ZerabrukM,Y #Africa can't cry wolf. It simply must escort Z wolves out. SELF RELIANCE is Z way out. Conflict ends. Peace reigns. #Africa grows. Imagine such Africa? Would VULTURES get chances in peaceful #Africa? #EthiopiaPrevails #EritreaPrevails @POTUS #BlackLivesMatter #EU @amnesty @hrw,2021-03-30,EU,EU-Nord,EU,Stoccolma,200km
17,1376937710720540674,https://twitter.com/Meseud1/status/1376937710720540674,Meseud1,"""Tens of thousands of Tigrayans are again being driven from their homes."" #VerifiedWithdrawalOfEritrea @POTUS @antonioguterres @GermanyDiplo @mfa_russia @SecBlinken @UN @francediplo_EN @ItalyMFA @EU_Commission #TigrayGenocide
https://t.co/tqgz6FZOCZ",2021-03-30,EU,EU-Nord,EU,Stoccolma,200km
18,1376936569026805763,https://twitter.com/erika_duffell/status/1376936569026805763,erika_duffell,Mapping of progress towards #SDGs for #hepatitis in #EU by @ECDC_EU highlights a lack of robust data and significant shortfalls in countries along the continuum of care.  Major strengthening of responses needed to achieve #hepatitis-elimination by 2030. https://t.co/lDe2GdGWYj‚Ä¶,2021-03-30,EU,EU-Nord,EU,Stoccolma,200km
19,1376928102207619078,https://twitter.com/StockholmCF/status/1376928102207619078,StockholmCF,#EU official urges #Greece to investigate asylum-seeker pushbacks: report #StandUp4HumanRights https://t.co/clDdyH6mV0,2021-03-30,EU,EU-Nord,EU,Stoccolma,200km
20,1376922112447893506,https://twitter.com/RusselAntor/status/1376922112447893506,RusselAntor,"Need a scrim asap dm fast ( eu only ) 

@ScrimFinder @CODReTweeters @CoDFAs @CODFreeAgentsRT @CoDFAs @CoDFreeAgentss @CoD_RTs @Cod8sandscrims",2021-03-30,EU,EU-Nord,EU,Stoccolma,200km
21,1376906815804305411,https://twitter.com/hafto35/status/1376906815804305411,hafto35,"‚ÄúThey said you guys don‚Äôt belong here,‚Äù ......‚ÄúThey said if we stay, they will kill us.‚Äù #VerifiedWithdrawalOfEritrea @hrw @POTUS @SecBlinken @EU_Commission @UN @antonioguterres 
https://t.co/Gf4R9hxxpd",2021-03-30,EU,EU-Nord,EU,Stoccolma,200km
22,1376906009441099778,https://twitter.com/hafto35/status/1376906009441099778,hafto35,"""Tens of thousands of Tigrayans are again being driven from their homes."" #VerifiedWithdrawalOfEritrea @POTUS @antonioguterres @GermanyDiplo @mfa_russia @SecBlinken @UN @francediplo_EN @ItalyMFA @EU_Commission #TigrayGenocide
https://t.co/WtiuY7CABQ",2021-03-30,EU,EU-Nord,EU,Stoccolma,200km
23,1376895535186120706,https://twitter.com/tim_e_gore/status/1376895535186120706,tim_e_gore,"Significant developments in Greece! 

Can Greece be a role model for just transition across the EU? https://t.co/No0PTDpx1g",2021-03-30,EU,EU-Nord,EU,Stoccolma,200km
24,1376867876154580995,https://twitter.com/wileeam/status/1376867876154580995,wileeam,"Hey @fully_us, I have a delivery trapped by @TNTMediaHub customs in Sweden because their colleagues in Belgium expect me to provide an invoice I have already sent (I shouldn't need btw...). Do you think I have to debug the lack of communication of your courier of choice in EU?",2021-03-30,EU,EU-Nord,EU,Stoccolma,200km
25,1376842517795201025,https://twitter.com/sooompel/status/1376842517795201025,sooompel,bucke is playing arena on eu servers and blames lag when he dies lol,2021-03-30,EU,EU-Nord,EU,Stoccolma,200km
26,1376838528043220992,https://twitter.com/LarsJohanL/status/1376838528043220992,LarsJohanL,‚ÄòWe must adapt‚Äô: EU research chief on Europe‚Äôs ‚Ç¨100-billion funding programme.  https://t.co/Zq4jCTXIEJ,2021-03-30,EU,EU-Nord,EU,Stoccolma,200km
27,1376835340938412037,https://twitter.com/salehteum/status/1376835340938412037,salehteum,"‚ÄúThey said you guys don‚Äôt belong here,‚Äù ......‚ÄúThey said if we stay, they will kill us.‚Äù #VerifiedWithdrawalOfEritrea @hrw @POTUS @SecBlinken @EU_Commission @UN @antonioguterres 
https://t.co/GImAMljVan",2021-03-30,EU,EU-Nord,EU,Stoccolma,200km
28,1376832844656435202,https://twitter.com/salehteum/status/1376832844656435202,salehteum,"""Tens of thousands of Tigrayans are again being driven from their homes."" #VerifiedWithdrawalOfEritrea #TigrayGenoicde @POTUS @antonioguterres @GermanyDiplo @mfa_russia @SecBlinken @UN @francediplo_EN @ItalyMFA @EU_Commission
https://t.co/1eSDwdUnVG",2021-03-30,EU,EU-Nord,EU,Stoccolma,200km
29,1376821556920340480,https://twitter.com/peterantman/status/1376821556920340480,peterantman,"Long read by @MikeGrunwald on how the biomass industry in EU is driving clear cutting in US. And why biomass is not climate neutral, even if it might be better to burn trees than coal, and how it‚Äôs based on a flawed implementation of a UN directive. https://t.co/r6rkbtM9Vl",2021-03-30,EU,EU-Nord,EU,Stoccolma,200km
30,1376807961906003969,https://twitter.com/melat007/status/1376807961906003969,melat007,"""If you don‚Äôt bring your father, your brothers, you don‚Äôt get the aid, you‚Äôll starve.‚Äù--A view into how Hunger used as a weapon against civilians in #Tigray's
#VerifiedWithdrawalOfEritrea @UN @jaketapper @hrw @POTUS @SecBlinken @EU_Commission @SenBooker 
https://t.co/ALGw42oUbL",2021-03-30,EU,EU-Nord,EU,Stoccolma,200km
31,1376800350317973504,https://twitter.com/Loukas_RS/status/1376800350317973504,Loukas_RS,"One of the great things about the EU, which national governments truly like, is that it allows nasty hot political potatoes to be handled elsewhere and not contaminate their own re-election chances. So I think this could work due to sheer selfish political logic. https://t.co/vI4BbRdzye",2021-03-30,EU,EU-Nord,EU,Stoccolma,200km
32,1376793456023117828,https://twitter.com/Abraham33353457/status/1376793456023117828,Abraham33353457,"""Reports of ongoing massacres, mass rapes, looting of hospitals, large-scale destruction of property, and starvation as a tool of war continue to emerge.""
#VerifiedWithdrawalOfEritrea @SecBlinken @UN @francediplo_EN @ItalyMFA @EU_Commission @mfa_russia",2021-03-30,EU,EU-Nord,EU,Stoccolma,200km
33,1376790252417875969,https://twitter.com/BFagersten/status/1376790252417875969,BFagersten,"A new concert of powers to manage multipolarity? Haass &amp; Kupchan suggest a global steering group of the US, China, EU, India, Japan and Russia. A reminder just how much this generation of US scholars love the 'Concert of Europe' and frequently return to it https://t.co/LAM5UIlOjp",2021-03-30,EU,EU-Nord,EU,Stoccolma,200km
34,1376771525609656323,https://twitter.com/CameliaDewan/status/1376771525609656323,CameliaDewan,Is there a vaccine solidarity movement to remove vaccine patents to countries in the global south can produce beyond #zerocovid? Or to stop export bans from EU to countries in need?,2021-03-30,EU,EU-Nord,EU,Stoccolma,200km
35,1376767210677473282,https://twitter.com/melat007/status/1376767210677473282,melat007,"""Tens of thousands of Tigrayans are again being driven from their homes."" #VerifiedWithdrawalOfEritrea #TigrayGenoicde @POTUS @antonioguterres @GermanyDiplo @mfa_russia @SecBlinken @UN @francediplo_EN @ItalyMFA @EU_Commission
https://t.co/0Ti6TdGuJD",2021-03-30,EU,EU-Nord,EU,Stoccolma,200km
36,1376760167048564740,https://twitter.com/Rev_SSBM/status/1376760167048564740,Rev_SSBM,I made EU netplay top 100 üëÄüëÄ https://t.co/M6cauPOc9E,2021-03-30,EU,EU-Nord,EU,Stoccolma,200km
37,1376589067920539663,https://twitter.com/EoaP5q8gqL11Egl/status/1376589067920539663,EoaP5q8gqL11Egl,"""If you don‚Äôt bring your father, your brothers, you don‚Äôt get the aid, you‚Äôll starve.‚Äù--A view into how Hunger used as a weapon against civilians in #Tigray's
#VerifiedWithdrawalOfEritrea @UN @jaketapper @hrw @POTUS @SecBlinken @EU_Commission @SenBooker 
https://t.co/YmXU1XnrQG",2021-03-29,EU,EU-Nord,EU,Stoccolma,200km
38,1376513091719077892,https://twitter.com/EoaP5q8gqL11Egl/status/1376513091719077892,EoaP5q8gqL11Egl,"‚ÄúHow can we live without being able to pray in our own churches? Are all Tigrayan people supposed to leave Tigray forever?‚Äù #InvadersOutOfTigray @SecBlinken @UN @francediplo_EN @ItalyMFA @EU_Commission @mfa_russia @POTUS @VP @ChrisCoons @GermanyDiplo 
https://t.co/Qg3R1LgcxD",2021-03-29,EU,EU-Nord,EU,Stoccolma,200km
39,1376472068791894017,https://twitter.com/EoaP5q8gqL11Egl/status/1376472068791894017,EoaP5q8gqL11Egl,"""Reports of ongoing massacres, mass rapes, looting of hospitals, large-scale destruction of property, and starvation as a tool of war continue to emerge.""
#VerifiedWithdrawalOfEritrea @SecBlinken @UN @francediplo_EN @ItalyMFA @EU_Commission @mfa_russia
https://t.co/Qg3R1LgcxD",2021-03-29,EU,EU-Nord,EU,Stoccolma,200km
40,1375765801458921476,https://twitter.com/EoaP5q8gqL11Egl/status/1375765801458921476,EoaP5q8gqL11Egl,"""Women say they have been raped by armed actors, they also told stories of gang rape, rape in front of family members and men being forced to rape their own family members."" #TigrayGenocide #AmharaOutOfTigray @UN @antonioguterres @POTUS  @EU_Commission
https://t.co/KfXqKYrY0h",2021-03-27,EU,EU-Nord,EU,Stoccolma,200km
41,1375750920978509824,https://twitter.com/EoaP5q8gqL11Egl/status/1375750920978509824,EoaP5q8gqL11Egl,"""Ethiopian government troops have been accused of joining forces with soldiers from neighboring Eritrea to brutalize and rape Tigrayan women"" #TigrayGenocide #AmharaOutOfTigray @UN @antonioguterres @POTUS @EU_Commission @GermanyDiplo @ChrisCoons 
https://t.co/jvdPdXgiJE",2021-03-27,EU,EU-Nord,EU,Stoccolma,200km
42,1375557208734318597,https://twitter.com/EoaP5q8gqL11Egl/status/1375557208734318597,EoaP5q8gqL11Egl,"‚ÄúPractically this has been a GENOCIDE."" #Tigray  #TigrayCantWait  #UNInvestigateTigray @SenatorRounds @SenatorMenendez @SenBooker @POTUS @UN @EU_Commission @GermanyDiplo @SecBlinken @ChrisCoons @hrw @mbachelet @StateDeptSpox
https://t.co/5XLcZtmxMa",2021-03-26,EU,EU-Nord,EU,Stoccolma,200km
43,1375511095004131329,https://twitter.com/EoaP5q8gqL11Egl/status/1375511095004131329,EoaP5q8gqL11Egl,"‚ÄúIt is essential that an independent investigation into conflict-related sexual violence in Tigray be initiated, "" #TigrayGenocide #AmharaOutOfTigray #UNInvestigateTigray @UN @POTUS @MarosSefcovic @EU_Commission @GermanyDiplo @UNHumanRights 
https://t.co/Ofv2izDnwX",2021-03-26,EU,EU-Nord,EU,Stoccolma,200km
44,1375469669675638790,https://twitter.com/EoaP5q8gqL11Egl/status/1375469669675638790,EoaP5q8gqL11Egl,"‚ÄúHospitals are filled with casualties from the fighting that rages in the countryside, many terrified civilians arriving with grievous wounds."" #UNInvestigateTigray #AmharaOutofTigray @SecBlinken @ChrisCoons @EU_Commission @UN @POTUS
https://t.co/JO32KheQfo",2021-03-26,EU,EU-Nord,EU,Stoccolma,200km
45,1375461656604590092,https://twitter.com/EoaP5q8gqL11Egl/status/1375461656604590092,EoaP5q8gqL11Egl,"""Her father spent his savings on her treatment. And now he does not know how he can get prosthetic legs for her."" #UNInvestigateTigray #TigrayGenocide #AmharaOutofTigray @SecBlinken @SenatorRounds @SenatorMenendez @POTUS @UN @EU_Commission 
https://t.co/0bzNzgpu8e",2021-03-26,EU,EU-Nord,EU,Stoccolma,200km
46,1375420118419836930,https://twitter.com/EoaP5q8gqL11Egl/status/1375420118419836930,EoaP5q8gqL11Egl,Ethiopian ambassadors repeatedly claimed the yearly celebration of St Mary of Zion was commenced as usual to cover up #AxumMassacre. @EthioHRC is yet to condemn these false claims. We demand #UNInvestigateTigray independently. @UN @EU_Commission @mbachelet @StateDeptSpox @POTUS,2021-03-26,EU,EU-Nord,EU,Stoccolma,200km
47,1375405997787861004,https://twitter.com/bryanmccolgan/status/1375405997787861004,bryanmccolgan,"So happy for my California peeps, but also not so secretly jealous given our EU vaccination timelines https://t.co/ydzGeagA4y",2021-03-26,EU,EU-Nord,EU,Stoccolma,200km
48,1375343799464001538,https://twitter.com/EoaP5q8gqL11Egl/status/1375343799464001538,EoaP5q8gqL11Egl,"|@EthioHRC's #AxumMassacre report suggests a joint investigation in the recommendation even before it calls for a ceasefire &amp; evacuation of intruding forces out of #Tigray. How can it be trusted to do a joint investigation? #UNInvestigateTigray @mbachelet  
@UN @EU_Commission",2021-03-26,EU,EU-Nord,EU,Stoccolma,200km
49,1375151367044657155,https://twitter.com/EoaP5q8gqL11Egl/status/1375151367044657155,EoaP5q8gqL11Egl,"A report by @amnesty indicates more than 200 were victims of #AxumMassacre. @EthioHRC minimizes that number and reports ""over 100 civilians were killed by Eritrean soldiers."" #UNInvestigateTigray @NicolasSchmitEU @MargSchinas @mbachelet @EU_Commission @UN @SecBlinken @amnesty",2021-03-25,EU,EU-Nord,EU,Stoccolma,200km
50,1375049245045178369,https://twitter.com/TyskaAmbassaden/status/1375049245045178369,TyskaAmbassaden,"German-Swedish #innovation partnership is on track for #electric  road systems. üá©üá™üá∏üá™ collaboration on electrification paves the way for the EU Green Deal, says @Manfred_Mane  about fossil free transport @TyskSvenskaHK #Energiewende #GreenEconomy    https://t.co/ZsoQO9Nrc6 https://t.co/nZbbpuijcK",2021-03-25,EU,EU-Nord,EU,Stoccolma,200km
51,1374831239262306312,https://twitter.com/shahidraza/status/1374831239262306312,shahidraza,"EU Cybersecurity Act is now a law in Sweden, entering into force on June 28, 2021. @Cybersec_EU @concordiah2020 @enisa_eu @CCN_EU https://t.co/9QCykYpWac",2021-03-24,EU,EU-Nord,EU,Stoccolma,200km
52,1374802331838074882,https://twitter.com/EoaP5q8gqL11Egl/status/1374802331838074882,EoaP5q8gqL11Egl,"‚ÄúIt is essential that an independent investigation into conflict-related sexual violence in Tigray be initiated, "" #TigrayGenocide #AmharaOutOfTigray #UNInvestigateTigray @UN @SenMarkey @MarosSefcovic @EU_Commission @GermanyDiplo 
https://t.co/Ofv2izlMFp",2021-03-24,EU,EU-Nord,EU,Stoccolma,200km
53,1374640111606976512,https://twitter.com/EoaP5q8gqL11Egl/status/1374640111606976512,EoaP5q8gqL11Egl,"In their #Axum investigation, @EthioHRC purposefully left out the presence of ENDF soldiers during the massacre, even though @amnesty reported otherwise. @AbiyAhmedAli must have told them to throw Eritrea under the bus. #UNInvestigateTigray @UN @SecBlinken @EU_Commission @POTUS",2021-03-24,EU,EU-Nord,EU,Stoccolma,200km
54,1374632652955869185,https://twitter.com/EoaP5q8gqL11Egl/status/1374632652955869185,EoaP5q8gqL11Egl,The financial dependence @EthioHRC has on the Ethiopian govt causes doubts of its independence. This is why we are asking #UNInvestigateTigray and we ask @mbachelet to say no to a joint investigation. @SenMarkey @MarosSefcovic @EU_Commission @UN,2021-03-24,EU,EU-Nord,EU,Stoccolma,200km
55,1374509123639803905,https://twitter.com/JeremiahLee/status/1374509123639803905,JeremiahLee,"Sweden‚Äôs 14-day #Covid19 incidence rate (new cases per 100,000 residents) has now topped 600.

Sweden is among the highest rates in the EU, behind only Malta, Hungary, Estonia, and Czechia.

Why doesn‚Äôt this country give a shit about each other? Wear the damn mask. Stay home.",2021-03-23,EU,EU-Nord,EU,Stoccolma,200km
56,1374501759113043971,https://twitter.com/EoaP5q8gqL11Egl/status/1374501759113043971,EoaP5q8gqL11Egl,"""Nearly 70% of 106 health facilities have been looted. Only 13% are functioning normally.""#AmharaOutOfTigray #EritreaOutOfTigray #TigrayGenocide @EU_Commission @UN @SecBlinken @POTUS @LindaT_G @ChrisCoons @LindaT_G @GermanyDiplo @Niger_ONU @UN_PGA @VP @hrw https://t.co/8L5OEesJpb",2021-03-23,EU,EU-Nord,EU,Stoccolma,200km
57,1374314519732875265,https://twitter.com/EoaP5q8gqL11Egl/status/1374314519732875265,EoaP5q8gqL11Egl,"""More than 500,000 Tigrayans have lost their homes. Almost 60,000 have sought refugee status in neighboring Sudan."" #AmharaOutOfTigray #EritreaOutOfTigray #TigrayGenocide @EU_Commission @UN @SecBlinken @POTUS @LindaT_G @ChrisCoons @LindaT_G @GermanyDiplo 
https://t.co/8L5OEeb8xD",2021-03-23,EU,EU-Nord,EU,Stoccolma,200km
58,1374273189887500292,https://twitter.com/EoaP5q8gqL11Egl/status/1374273189887500292,EoaP5q8gqL11Egl,"Burnt places around MayKadra to systematically cleanse the #Tigray|ans from their own land. @SecBlinken @POTUS @UNHumanRights @CNN @BBCWorld @USAmbUN  @EU_Commission #TigrayGenocide #AmharaOutofTigray 
https://t.co/20VM2DtrLO",2021-03-23,EU,EU-Nord,EU,Stoccolma,200km
59,1374094367720407047,https://twitter.com/EoaP5q8gqL11Egl/status/1374094367720407047,EoaP5q8gqL11Egl,||@AbiyAhmedAli is breaking the rules of the #Ethiopian constitution by allowing regional forces from #Amhara to enter #Tigray province. This has led a massive ethnic cleansing campaign by #AmharaMilita in hopes of expanding their territory. @UN @EU_Commission #AmharaOutOfTigray,2021-03-22,EU,EU-Nord,EU,Stoccolma,200km
60,1374085244127690753,https://twitter.com/EoaP5q8gqL11Egl/status/1374085244127690753,EoaP5q8gqL11Egl,Ethiopian government led by @AbiyAhmedAli is rewarding the allies of his unjust war by allowing them to annex parts of western and northern #Tigray. Demand #AmharaOutOfTigray &amp; #EritreaOutOfTigray to stop this ethnic cleansing project. @EU_Commission @SecBlinken @hrw @POTUS @UN,2021-03-22,EU,EU-Nord,EU,Stoccolma,200km
61,1374066774199656453,https://twitter.com/MalinOud/status/1374066774199656453,MalinOud,"Here is @merics_eu, of which I am a very proud advisory board member, statement on the sanctions imposed by China on ten European individuals and four European institutions today https://t.co/8XJaekCeJi",2021-03-22,EU,EU-Nord,EU,Stoccolma,200km
62,1374047523795570699,https://twitter.com/EoaP5q8gqL11Egl/status/1374047523795570699,EoaP5q8gqL11Egl,"""when soldiers returning to collect their dead stormed into nearby homes, firing indiscriminately."" #UNInvestigateTigray #TigrayCantWait #AmharaOutofTigray @SecBlinken @SenatorRounds @SenatorMenendez @SenBooker @POTUS @UN @EU_Commission @GermanyDiplo 
https://t.co/0bzNzgpu8e",2021-03-22,EU,EU-Nord,EU,Stoccolma,200km
63,1374015574242684930,https://twitter.com/EoaP5q8gqL11Egl/status/1374015574242684930,EoaP5q8gqL11Egl,"‚ÄúPractically this has been a GENOCIDE."" #Tigray  #AmharaOutofTigray #TigrayCantWait  #Theirpeople #AllowAccessToTigray #UNInvestigateTigray    @SenatorRounds @SenatorMenendez @SenBooker @POTUS @UN @EU_Commission @GermanyDiplo @SecBlinken @ChrisCoons @hrw
https://t.co/5XLcZtmxMa",2021-03-22,EU,EU-Nord,EU,Stoccolma,200km
64,1373678504194289667,https://twitter.com/EoaP5q8gqL11Egl/status/1373678504194289667,EoaP5q8gqL11Egl,There are no blurred lines in the latest statement from the @PMEthiopia. The Ethiopian gov is threatening to inflict severe punishment &amp; misery to #Tigray|ans unless their targets surrender. #Theirpeople #TigrayGenocide @SecBlinken @EU_Commission @CNN https://t.co/T0I9Dqi9FX,2021-03-21,EU,EU-Nord,EU,Stoccolma,200km
65,1373642715951403010,https://twitter.com/EoaP5q8gqL11Egl/status/1373642715951403010,EoaP5q8gqL11Egl,There are no blurred lines in the latest statement from the @PMEthiopia. The Ethiopian gov is threatening to inflict severe punishment &amp; misery to #Tigray|ans unless their targets surrender. #Theirpeople #TigrayGenocide @SecBlinken @EU_Commission @CNN https://t.co/T0I9Dqi9FX,2021-03-21,EU,EU-Nord,EU,Stoccolma,200km
66,1373635766480465930,https://twitter.com/EoaP5q8gqL11Egl/status/1373635766480465930,EoaP5q8gqL11Egl,How can a govt that does not refer to #Tigray|ans as its own people be considered for any negotiations? @PMEthiopia is publicly declaring Tigrayans do not belong to them. #Theirpeople #TigrayGenocide @SecBlinken @SenBooker @UN @POTUS @EU_Commission @VP https://t.co/T0I9Dqi9FX,2021-03-21,EU,EU-Nord,EU,Stoccolma,200km
67,1373606752952942595,https://twitter.com/EoaP5q8gqL11Egl/status/1373606752952942595,EoaP5q8gqL11Egl,The @PMEthiopia latest press release shows that all #Tigray|ans are bound to be held hostage for the sake of arresting few TPLF members. This is a hallmark of genocide. #Theirpeople #TigrayGenocide @cnnbrk @SecBlinken @EU_Commission @UN @hrw @POTUS https://t.co/T0I9Dqi9FX,2021-03-21,EU,EU-Nord,EU,Stoccolma,200km
68,1373582908661886978,https://twitter.com/EoaP5q8gqL11Egl/status/1373582908661886978,EoaP5q8gqL11Egl,"This @PMEthiopia press release publicly marginalizes #Tigray|ans as it uses #Theirpeople to describe Tigray|ans as only belonging to TPLF. Such marginalization is the hallmark of genocide.@SenatorMenendez @SenBooker @EU_Commission @UN @hrw @GermanyDiplo
https://t.co/T0I9Dqi9FX",2021-03-21,EU,EU-Nord,EU,Stoccolma,200km
69,1373372335839924225,https://twitter.com/EoaP5q8gqL11Egl/status/1373372335839924225,EoaP5q8gqL11Egl,"'Despite denials‚ÄØfrom Addis Ababa and Asmara, diplomatic pressure calling for the withdrawal of Eritrean troops is mounting.' #UNInvestigateTigray #TigrayCantWait @UN @SecBlinken @SenatorRounds @EU_Commission @hrw @POTUS @VP 
https://t.co/nLOdjuUYnu",2021-03-20,EU,EU-Nord,EU,Stoccolma,200km
70,1373325849890598919,https://twitter.com/EoaP5q8gqL11Egl/status/1373325849890598919,EoaP5q8gqL11Egl,"'Aid agencies estimate some 200,000 people are currently living in the city's makeshift camps. Many of them are women and children.' #UNInvestigateTigray #TigrayCantWait @UN @SecBlinken @SenatorRounds @SenatorMenendez @SenBooker @POTUS @UN @EU_Commission 
https://t.co/oHkJNPWm1y",2021-03-20,EU,EU-Nord,EU,Stoccolma,200km
71,1373191515439304704,https://twitter.com/Samson26786790/status/1373191515439304704,Samson26786790,"'Pressure is mounting for punitive measures that will target those most responsible for the commission of atrocities and the denial of humanitarian access' #UNInvestigateTigray #TigrayCantWait @UN @SecBlinken @SenatorRounds @EU_Commission @hrw @POTUS @VP 
https://t.co/hxYYayqiEd",2021-03-20,EU,EU-Nord,EU,Stoccolma,200km
72,1373191454483484672,https://twitter.com/Samson26786790/status/1373191454483484672,Samson26786790,"""6-year-old Betlehem Tesfaye, who fled from near Aksum, about 50km (31 miles) to the east, lost both her legs in the conflict. Her mother was killed in the same explosion.""#UNInvestigateTigray #TigrayCantWait @UN @SenatorRounds @EU_Commission @hrw @POTUS
 https://t.co/sq4lVbaQ1Z",2021-03-20,EU,EU-Nord,EU,Stoccolma,200km
73,1373183520995180545,https://twitter.com/EoaP5q8gqL11Egl/status/1373183520995180545,EoaP5q8gqL11Egl,"'Pressure is mounting for punitive measures that will target those most responsible for the commission of atrocities and the denial of humanitarian access' #UNInvestigateTigray #TigrayCantWait @UN @SecBlinken @SenatorRounds @EU_Commission @hrw @POTUS @VP 
https://t.co/oLRxrFx3nB",2021-03-20,EU,EU-Nord,EU,Stoccolma,200km
74,1372985677328101381,https://twitter.com/EoaP5q8gqL11Egl/status/1372985677328101381,EoaP5q8gqL11Egl,How can @EthioHRC be trusted to do a joined investigation with @UN when it has consistently dismissed gross violation of human rights in #Tigray for more than 4 months. DEMAND #UNInvestigateTigray independently.#TigrayGenocide @SenatorRomney @SenBrianSchatz @EU_Commission @POTUS,2021-03-19,EU,EU-Nord,EU,Stoccolma,200km
75,1372956600542052369,https://twitter.com/yourgirlrbqa/status/1372956600542052369,yourgirlrbqa,"Well done fam. Let's not forget the Ethiopian family is has expanded. We are like the #panda vegetarian, white, black and Asian ü•∞ü•∞ü•∞ #India #russia #africa #china #eu #usa #canada #uk https://t.co/TvvqRbZwDe",2021-03-19,EU,EU-Nord,EU,Stoccolma,200km
76,1372926202030198786,https://twitter.com/waldemaringdahl/status/1372926202030198786,waldemaringdahl,EU Parliament confirms 'Future of Europe' board https://t.co/gyEdhGaGaZ,2021-03-19,EU,EU-Nord,EU,Stoccolma,200km
77,1372889315437654019,https://twitter.com/EoaP5q8gqL11Egl/status/1372889315437654019,EoaP5q8gqL11Egl,How can @EthioHRC be trusted to do a joined investigation with @UN when it has consistently dismissed gross violation of human rights in #Tigray for more than 4 months. DEMAND #UNInvestigateTigray independently. #TigrayGenocide @SenatorRomney @SenatorRounds @EU_Commission @POTUS,2021-03-19,EU,EU-Nord,EU,Stoccolma,200km
78,1372889183711326214,https://twitter.com/EoaP5q8gqL11Egl/status/1372889183711326214,EoaP5q8gqL11Egl,"List of massacres not investigated or misreported by @EthioHRC include, #DanglatMassacre #AxumMassacre #MaikadraMassacre. What track record is the @UN using to ally with #Ethiopia's most corrupt organization? #UNInvestigateTigray @POTUS @EU_Commission @SenatorCardin @SenBooker",2021-03-19,EU,EU-Nord,EU,Stoccolma,200km
79,1372889089746345990,https://twitter.com/EoaP5q8gqL11Egl/status/1372889089746345990,EoaP5q8gqL11Egl,"WE WANT AN INDEPENDENT INVESTIGATION!
WE WANT AN INDEPENDENT INVESTIGATION! 
WE WANT AN INDEPENDENT INVESTIGATION! 
#UNInvestigateTigray @SenatorShaheen @EU_Commission @UN @SenatorRounds @SenatorHagerty @SecBlinken @POTUS @antonioguterres @GermanyDiplo
https://t.co/FjOh3dwj8U",2021-03-19,EU,EU-Nord,EU,Stoccolma,200km
80,1372877768506150914,https://twitter.com/Meseud1/status/1372877768506150914,Meseud1,"WE WANT AN INDEPENDENT INVESTIGATION!
WE WANT AN INDEPENDENT INVESTIGATION! 
WE WANT AN INDEPENDENT INVESTIGATION! 
#UNInvestigateTigray @SenatorShaheen @EU_Commission @UN @SenatorRounds @SenatorHagerty @SecBlinken @POTUS @antonioguterres @GermanyDiplo
https://t.co/Df1Oat6xuK",2021-03-19,EU,EU-Nord,EU,Stoccolma,200km
81,1372812211006083079,https://twitter.com/Samson26786790/status/1372812211006083079,Samson26786790,"WE WANT AN INDEPENDENT INVESTIGATION!
WE WANT AN INDEPENDENT INVESTIGATION! 
WE WANT AN INDEPENDENT INVESTIGATION! 
#UNInvestigateTigray @SenatorShaheen @EU_Commission @UN @SenatorRounds @SenatorHagerty @SecBlinken @POTUS @antonioguterres @GermanyDiplo
https://t.co/WchyG5PMif",2021-03-19,EU,EU-Nord,EU,Stoccolma,200km
82,1372793796971221009,https://twitter.com/Samson26786790/status/1372793796971221009,Samson26786790,How can @EthioHRC be trusted to do a joined investigation with @UN when it has consistently dismissed gross violation of human rights in #Tigray for more than 4 months. DEMAND #UNInvestigateTigray independently. #TigrayGenocide @SenatorRomney @SenatorRounds @EU_Commission @POTUS,2021-03-19,EU,EU-Nord,EU,Stoccolma,200km
83,1372793751660154880,https://twitter.com/Samson26786790/status/1372793751660154880,Samson26786790,"List of massacres not investigated or misreported by @EthioHRC include, #DanglatMassacre #AxumMassacre #MaikadraMassacre. What track record is the @UN using to ally with #Ethiopia's most corrupt organization? #UNInvestigateTigray @POTUS @EU_Commission @SenatorCardin @SenBooker",2021-03-19,EU,EU-Nord,EU,Stoccolma,200km
84,1372793693434834949,https://twitter.com/Samson26786790/status/1372793693434834949,Samson26786790,"WE WANT AN INDEPENDENT INVESTIGATION!
WE WANT AN INDEPENDENT INVESTIGATION! 
WE WANT AN INDEPENDENT INVESTIGATION! 
#UNInvestigateTigray @SenatorShaheen @EU_Commission @UN @SenatorRounds @SenatorHagerty @SecBlinken @POTUS @antonioguterres @GermanyDiplo
https://t.co/WchyG67n9N",2021-03-19,EU,EU-Nord,EU,Stoccolma,200km
85,1372789741867868168,https://twitter.com/EoaP5q8gqL11Egl/status/1372789741867868168,EoaP5q8gqL11Egl,"""He went to Mekelle the capital of the region ‚Äì where thousands have already fled and scores of women and young girls have been raped."" @EthioHRC yet to report these incidents. #UnInvestigateTigray #TigrayGenocide @mbachelet @SenCoonsOffice @EU_Commission
https://t.co/AFQIDqgBJi",2021-03-19,EU,EU-Nord,EU,Stoccolma,200km
86,1372789664264769553,https://twitter.com/EoaP5q8gqL11Egl/status/1372789664264769553,EoaP5q8gqL11Egl,"""There must be an international, independent investigation of all reported atrocities, including ethnic cleansing."" #UNInvestigateTigray #TigrayGenocide @ChrisCoons @SenatorShaheen @RandPaul @SenatorRounds @SenTedCruz @UN @RepMcCaul @EU_Commission @POTUS https://t.co/TcPwrrpgz4",2021-03-19,EU,EU-Nord,EU,Stoccolma,200km
87,1372789586087145473,https://twitter.com/EoaP5q8gqL11Egl/status/1372789586087145473,EoaP5q8gqL11Egl,"""There must be an international, independent investigation of all reported atrocities, including ethnic cleansing."" #UNInvestigateTigray #TigrayGenocide @ChrisCoons @SenatorShaheen @RandPaul @SenatorRounds @SenTedCruz @UN @RepMcCaul @EU_Commission @POTUS https://t.co/TcPwrrpgz4",2021-03-19,EU,EU-Nord,EU,Stoccolma,200km
88,1372789511801892867,https://twitter.com/EoaP5q8gqL11Egl/status/1372789511801892867,EoaP5q8gqL11Egl,How can @EthioHRC be trusted to do a joined investigation with @UN when it has consistently dismissed gross violation of human rights in #Tigray for more than 4 months. DEMAND #UNInvestigateTigray independently.#TigrayGenocide @SenatorRomney @SenBrianSchatz @EU_Commission @POTUS,2021-03-19,EU,EU-Nord,EU,Stoccolma,200km
89,1372788837269663744,https://twitter.com/EoaP5q8gqL11Egl/status/1372788837269663744,EoaP5q8gqL11Egl,How can @EthioHRC be trusted to do a joined investigation with @UN when it has consistently dismissed gross violation of human rights in #Tigray for more than 4 months. DEMAND #UNInvestigateTigray independently. #TigrayGenocide @SenatorRomney @SenatorRounds @EU_Commission @POTUS,2021-03-19,EU,EU-Nord,EU,Stoccolma,200km
90,1372788750120488963,https://twitter.com/EoaP5q8gqL11Egl/status/1372788750120488963,EoaP5q8gqL11Egl,"List of massacres not investigated or misreported by @EthioHRC include, #DanglatMassacre #AxumMassacre #MaikadraMassacre. What track record is the @UN using to ally with #Ethiopia's most corrupt organization? #UNInvestigateTigray @POTUS @EU_Commission @SenatorCardin @SenBooker",2021-03-19,EU,EU-Nord,EU,Stoccolma,200km
91,1372788651726311424,https://twitter.com/EoaP5q8gqL11Egl/status/1372788651726311424,EoaP5q8gqL11Egl,"WE WANT AN INDEPENDENT INVESTIGATION!
WE WANT AN INDEPENDENT INVESTIGATION! 
WE WANT AN INDEPENDENT INVESTIGATION! 
#UNInvestigateTigray @SenatorShaheen @EU_Commission @UN @SenatorRounds @SenatorHagerty @SecBlinken @POTUS @antonioguterres @GermanyDiplo
https://t.co/FjOh3dNU0s",2021-03-19,EU,EU-Nord,EU,Stoccolma,200km
92,1372547245229408257,https://twitter.com/EoaP5q8gqL11Egl/status/1372547245229408257,EoaP5q8gqL11Egl,"""The attacks on Tigray‚Äôs health facilities are having a devastating impact on the population "" #TigrayGenocide #AllowAccessToTigray #UNInvestigateTigray @UN @EU_Commission @SecBlinken @POTUS @GerEmbAddis @WHO @DrTedros @CNN @BBCWorld 
https://t.co/Xye8Weg7kn",2021-03-18,EU,EU-Nord,EU,Stoccolma,200km
93,1372547153105715200,https://twitter.com/EoaP5q8gqL11Egl/status/1372547153105715200,EoaP5q8gqL11Egl,"‚ÄúHealth facilities in Ethiopia‚Äôs embattled region of Tigray have been ‚Äúlooted, vandalized and destroyed in a deliberate and widespread attack on health care,"" #TigrayGenocide #UNInvestigateTigray 
@UN @EU_Commission @SecBlinken @POTUS @GerEmbAddis @WHO 
https://t.co/Xye8Weg7kn",2021-03-18,EU,EU-Nord,EU,Stoccolma,200km
94,1372547056477294596,https://twitter.com/EoaP5q8gqL11Egl/status/1372547056477294596,EoaP5q8gqL11Egl,"||@mbachelet This is Daniel Bekele of @EthioHRC denying that refugees #Eritrean refugees were taken forcibly. @UN @SecBlinken @POTUS @hrw @EU_Commission #TigrayGenocide #UNInvestigateTigray
https://t.co/9s4qPrS1v0
https://t.co/KOjG7DHV2F",2021-03-18,EU,EU-Nord,EU,Stoccolma,200km
95,1372546764855775237,https://twitter.com/EoaP5q8gqL11Egl/status/1372546764855775237,EoaP5q8gqL11Egl,"||@UN @mbachelet Including @EthioHRC or any #Ethiopia|n org to assist with any investigation related to #Tigray as they are paid by the ET gov't, that by itself creates a conflict of interest. @EU_Commission @UNHumanRights @SecBlinken @CNN #UNInvestigateTigray #TigrayGenocide",2021-03-18,EU,EU-Nord,EU,Stoccolma,200km
96,1372546674632056838,https://twitter.com/EoaP5q8gqL11Egl/status/1372546674632056838,EoaP5q8gqL11Egl,||@mbachelet If @EthioHRC is involved in the Investigations  #Tigray|an victims will be scared and discouraged to speak out as they feel they are messengers of the #Ethiopia|n gov't. @UN @UNHumanRights @BBCWorld @amnesty @SecBlinken #UNInvestigateTigray @EU_Commission,2021-03-18,EU,EU-Nord,EU,Stoccolma,200km
97,1372487695835004928,https://twitter.com/KlYohannes/status/1372487695835004928,KlYohannes,"This comes as travesty of justice where the criminal investigates itself if it looted, massacred, raped &amp; destroyed in #Tigrai. The EHRC is part of the Abiy gov. &amp; as such is accomplice to #TigrayGenocide.
@mbachelet
@UNGeneva
@SecBlinken
@EU_Commission 
https://t.co/4UR9jezEHj",2021-03-18,EU,EU-Nord,EU,Stoccolma,200km
98,1372293014375239682,https://twitter.com/XUEY85/status/1372293014375239682,XUEY85,"NanED is an Innovative Training Network, funded by the EU commission, aimed to train a new generation of electron crystallographers thereby paving the way for future development and establishment of the method more broadly in academia and industry. https://t.co/W6CrHEFXV6",2021-03-17,EU,EU-Nord,EU,Stoccolma,200km
99,1372254656160751617,https://twitter.com/EoaP5q8gqL11Egl/status/1372254656160751617,EoaP5q8gqL11Egl,"""Medical charity Doctors without Borders says treatment centers in the region were looted, vandalized, and destroyed in a deliberate manner."" #UNInvestigateTigray #TigrayGenocide @antonioguterres @hrw @SecBlinken @POTUS @VP @Aust_Parliament @EU_Commission
https://t.co/DMBmPEEZhx",2021-03-17,EU,EU-Nord,EU,Stoccolma,200km
100,1372115664589185024,https://twitter.com/JeremiahLee/status/1372115664589185024,JeremiahLee,"I had expected a rather fast turn around in the pandemic once the vaccines were available to all by early/mid summer, but all the conferences this fall are canceling or going virtual.

Are we still that far away from normalcy in the EU and US?",2021-03-17,EU,EU-Nord,EU,Stoccolma,200km
101,1372085548983185409,https://twitter.com/highamian/status/1372085548983185409,highamian,Not a single country in the EU is on pace to vaccinate at least 70% of its population before September.,2021-03-17,EU,EU-Nord,EU,Stoccolma,200km
102,1371943088143409158,https://twitter.com/EoaP5q8gqL11Egl/status/1371943088143409158,EoaP5q8gqL11Egl,"Contrary to claims made by @AbiyAhmedAli's administration, only 13% of healthcare facilities are functioning in the area, others looted and destroyed. 
#TigrayGenocide #AllowAccessToTigray #UNInvestigateTigray @UN @EU_Commission @SecBlinken @WHO @DrTedros
https://t.co/9uNlezfLtG",2021-03-16,EU,EU-Nord,EU,Stoccolma,200km
103,1371927056213245956,https://twitter.com/EoaP5q8gqL11Egl/status/1371927056213245956,EoaP5q8gqL11Egl,"""The attacks on Tigray‚Äôs health facilities are having a devastating impact on the population "" #TigrayGenocide #AllowAccessToTigray #UNInvestigateTigray @UN @EU_Commission @SecBlinken @POTUS @GerEmbAddis @WHO @DrTedros @CNN @BBCWorld 
https://t.co/Xye8Weg7kn",2021-03-16,EU,EU-Nord,EU,Stoccolma,200km
104,1371869659213950977,https://twitter.com/EoaP5q8gqL11Egl/status/1371869659213950977,EoaP5q8gqL11Egl,"‚ÄúHealth facilities in Ethiopia‚Äôs embattled region of Tigray have been ‚Äúlooted, vandalized and destroyed in a deliberate and widespread attack on health care,"" #TigrayGenocide #UNInvestigateTigray 
@UN @EU_Commission @SecBlinken @POTUS @GerEmbAddis @WHO 
https://t.co/N0naaFWhB7",2021-03-16,EU,EU-Nord,EU,Stoccolma,200km
105,1371715161875214339,https://twitter.com/EoaP5q8gqL11Egl/status/1371715161875214339,EoaP5q8gqL11Egl,"We have stated that @EthioHRC is affiliated with @AbiyAhmedAli's agenda of ethnic cleansing which has become the norm for the past 2 years. Demand an independent investigation for #Tigray. #TigrayGenocide 
@UN @EU_Commission @SecBlinken @antonioguterres
https://t.co/QtevzDYalO",2021-03-16,EU,EU-Nord,EU,Stoccolma,200km
106,1371364837880700928,https://twitter.com/EoaP5q8gqL11Egl/status/1371364837880700928,EoaP5q8gqL11Egl,The corrupt philosophical framework @AbiyAhmedAli reflected in his book #Medemer is the result of the bloodshed and #genocide currently destroying #Ethiopia. #TigrayGenocide. #RemoveMedemer from @amazon @eBay @SecBlinken @POTUS @EU_Commission,2021-03-15,EU,EU-Nord,EU,Stoccolma,200km
107,1370710060423393286,https://twitter.com/EoaP5q8gqL11Egl/status/1370710060423393286,EoaP5q8gqL11Egl,"|| @AbiyAhmedAli handpicked @DanielBekele to be chair of @EthioHRC and for reasons described in this video should not be trusted to conduct investigations of #WarCrimes in #Tigray. #TigrayGenocide #BidenActNow @POTUS @SecBlinken @LindaT_G @EU_Commission
https://t.co/QtevzDYalO",2021-03-13,EU,EU-Nord,EU,Stoccolma,200km
108,1370420119709626370,https://twitter.com/EoaP5q8gqL11Egl/status/1370420119709626370,EoaP5q8gqL11Egl,"||@AbiyAhmedAli's administration continues to put out reports that are purposefully misleading. They refuse to accept the worsening humanitarian crisis and continue to use hunger as a weapon. #TigrayCantWait #TigrayGenocide @SecBlinken @EU_Commission @UN
https://t.co/2rKcG7eQ4u",2021-03-12,EU,EU-Nord,EU,Stoccolma,200km
109,1370364700286943238,https://twitter.com/EoaP5q8gqL11Egl/status/1370364700286943238,EoaP5q8gqL11Egl,"‚Äú1000s of civilians have been massacred, hundreds of thousands forcibly displaced from their homes, civilian installations &amp; Infrastructures systemically destroyed,‚Äù  #TigrayCantWait #TigrayGenocide @EU_Commission @PmTunisia @mfa_russia @UNDP @ASteiner 
https://t.co/Hf3WAnI3Qn",2021-03-12,EU,EU-Nord,EU,Stoccolma,200km
110,1369973698661335040,https://twitter.com/EoaP5q8gqL11Egl/status/1369973698661335040,EoaP5q8gqL11Egl,"In light of @SecBlinken's concerns regarding the ethnic cleansing in #Tigray, the int-community must realize that #TigrayGenocide is an ongoing atrocity. Active military intervention should be considered to save civilians. #TigrayCantWait @UN @EU_Commission @PmTunisia @ChinaAmbUN",2021-03-11,EU,EU-Nord,EU,Stoccolma,200km
111,1369613336061546496,https://twitter.com/EoaP5q8gqL11Egl/status/1369613336061546496,EoaP5q8gqL11Egl,We do not doubt that our voices are not loud enough. But we do question if we are being heard. #Tigray continues to experience daily massacres and state-sponsored starvation. ACT now and stop #TigrayGenocide. #TigrayCantWait @EU_Commission @UN @antonioguterres @SecBlinken @POTUS,2021-03-10,EU,EU-Nord,EU,Stoccolma,200km
112,1369485959738368000,https://twitter.com/EoaP5q8gqL11Egl/status/1369485959738368000,EoaP5q8gqL11Egl,#TigrayCantWait as thousands have already perished under @AbiyAhmedAli's watch. This war demands members of the @EU_Commission and @UN to take actions beyond diplomacy to stop further #HumanitarianCrisis. #TigrayGenocide @antonioguterres @ChrisCoons @JamesDuddridge @ChinaAmbUN,2021-03-10,EU,EU-Nord,EU,Stoccolma,200km
113,1367508054690914308,https://twitter.com/Nonicoc/status/1367508054690914308,Nonicoc,Vaccination rates in the EU https://t.co/M98lU4j3Vb,2021-03-04,EU,EU-Nord,EU,Stoccolma,200km
114,1367476269106028544,https://twitter.com/shawn_p_mendes/status/1367476269106028544,shawn_p_mendes,One of 3 teams in my unit is the national Assistance Centre for Professional Qualifications. This 2-minute film explains how to work in regulated profession in Sweden or in another EU country. https://t.co/mdSLMYtUpz,2021-03-04,EU,EU-Nord,EU,Stoccolma,200km
115,1367009955212128265,https://twitter.com/EoaP5q8gqL11Egl/status/1367009955212128265,EoaP5q8gqL11Egl,"""For the second time in a week, the secretary of state pointed to reports of atrocities in the Ethiopian region."" #TigrayGenocide #UNSCActNow @POTUS @SecBlinken @VP @SenBooker @EU_Commission @UN @hrw @antonioguterres
https://t.co/1miGwQSJP9",2021-03-03,EU,EU-Nord,EU,Stoccolma,200km
116,1366792882993176576,https://twitter.com/EoaP5q8gqL11Egl/status/1366792882993176576,EoaP5q8gqL11Egl,"Monalisa, just 18 years old, lost an arm and a leg defending herself from being raped by #EritreanTroops. The world should scream her name and demand justice.
SAY HER NAME #MonalisaAbrha. #TigrayGenocide #MeToo #EritreaOutOfTigray @EU_Commission @UN @hrw
https://t.co/pxThM0U49W",2021-03-02,EU,EU-Nord,EU,Stoccolma,200km
117,1366384379271008258,https://twitter.com/bryanmccolgan/status/1366384379271008258,bryanmccolgan,EU 2021 LGBTQ annual review shows more support is needed in the wake of COVID-19 https://t.co/zBT7003ydf,2021-03-01,EU,EU-Nord,EU,Stoccolma,200km
118,1366356609874747394,https://twitter.com/EoaP5q8gqL11Egl/status/1366356609874747394,EoaP5q8gqL11Egl,#AxumMassacre and #DanglatMassacre reveal what #Eritrean troops are capable of in terms of human rights violations. Their #WarCrimes beg for a @UN led investigation and forced evacuation from #Tigray. #TigrayGenocide @EU_Commission @SecBlinken @GermanyDiplo @VP @hrw @BBCWorld,2021-03-01,EU,EU-Nord,EU,Stoccolma,200km
